Material,id,Material Description,Storage Type,Storage Bin,Available stock
42726749,20961,OCP FLOR Y CANTO 3RD EDITION  20961,509,\G16K,275
42782800,30143457,OCP GAB UNIDOS EN CRISTO GUITAR 2021,509,\G14L,93
42967091,21001,OCP JOURNEYSONGS 3 HYMNAL 21001,509,A540,"2,211"
43089418,5836,OCP SIB BELL PREL FROM GLORY AND PRAISE,509,\H14B4X,27
43089651,6129,OCP BSC THE LECTOR: EFF DEL OF THE WORD,509,\H08A1,123
43089652,6132,OCP BSC GATHER THE CHILDREN CYL C 3RD ED,509,\H08C1,66
43089653,6133,OCP BSC GATHER THE CHILDREN YR A 3rd ED,509,\H08A2,65
43089654,6135,OCP BSC GATHER THE CHILDREN CYL B 3RD ED,509,\H05H2,44
43089656,6140,OCP BSC STUDIA LITURGICA DIVERSA: ESSAYS,509,148-101A,35
43089657,6143,OCP BSC PSH LITURGY BASICS REVISED ED,509,\H02E1,92
43089661,9595,OCP KGS CHILDREN'S LIT OF THE WORD YR A,509,148-037F,44
43089662,9767,OCP MER ENG COMMEMORATIVE GIFT PGRM ENV,509,\H06L1,"5,263"
43089663,9855,OCP BSC PROC GODS LOVE IN WORD AND DEED,509,148-101I,99
43089664,9928,OCP MER ENG COMM GIFT PGRM BK PLATES 25,509,148-005HH,147
43089668,10314,OCP KAB KEYBOARD ACC BK 1997 LOW KEY,509,\H03B1,42
43089669,10610,OCP CDD STS AND SNGS OF JESUS INST/ 2 CD,509,148-069C,111
43089680,11149,OCP KGS SH THE LGHT WITH AM/UK SIGN LANG,509,148-105E,22
43089683,11243,OCP CDD CHUNG LOI TAN TUNG: CA SONG NGU,509,148-037M,31
43089684,11293,OCP BSC CHRIST WE PROCLAIM RSC BOOK VAR,509,\H14K1Y,20
43089688,11922,OCP BSC FULL CONSCIOUS AND ACTIVE PART,509,148-033C,11
43089690,12044,OCP CDD THE PASS OF OUR LORD JESUS CHRIS,509,148-093L,48
43089691,12075,OCP KGS TWOTC FOR CHILDREN LDR/ACC BK,509,\H09H1,195
43089692,12076,OCP ASM TWOTC FOR CHILDREN CHILD BK,509,148-103N,10
43089693,12077,OCP CDD THE WAY OF THE CROSS FOR CHILDRN,509,148-097N,101
43089694,12086,OCP GAB CANTEMOS UNIDOS / GUITAR VOCAL B,509,148-011BB,146
43089695,12087,OCP CDD CANTEMOS UNIDOS / S 2 CD SET,509,148-071I,13
43089696,12098,OCP KGS LAUS TIBI CHRISTE LAT SUPP ASSY,509,148-005BB,105
43089697,12099,OCP KAB LAUS TIBI CHRISTE LATIN SUP ACC,509,\H01H1,70
43089701,12138,OCP BSC DON Y PROMESA 2ND ED SOFTCOVER,509,148-095D,76
43089702,12177,OCP ABK TWOTC FOR CHILDREN POSTER 15,509,\H06A2,67
43089704,12727,OCP DIR A CONT ROSARY LEADERS GUIDE,509,\H02L2,79
43089705,12728,OCP CDD A CONT ROSARY: THE LUM MYSTERIES,509,148-063F,88
43089706,12752,OCP CDD LIFE OF JESUS IN SONG ANN 2 PASS,509,148-033O,14
43089709,12845,OCP MER SP COMM GIFT PROGRAM ENVELOPES,509,\H03G1,"6,709"
43089710,12846,OCP MER COMMEMORATIVE BOOK PLATES SP,509,148-061D,268
43089711,12886,OCP BSC GODS LIBERATING JUSTICE RVSD ED,509,\H04G2,522
43089713,20017,OCP CDD THE LIFE OF JESUS: A MED IN SND,509,148-041O,21
43089714,20057,OCP CDD THE CHANTS OF XMAS; XMAS MASSES,509,148-057F,11
43089716,20139,OCP MPB MRNG AND EVE PRAYR FOR THE JOURN,509,\G13J,994
43089717,20182,OCP CDD A CONT ROSARY: THE JOYFUL MYST,509,148-047C,69
43089718,20183,OCP CDD A CONT RSRY: THE SORROWFUL MYST,509,148-011FF,228
43089719,20184,OCP CDD A CONT ROSARY: THE GLORIOUS MYST,509,148-093J,96
43089720,20187,OCP CDD INCLINA DOMINE: A TR OF GRG CHNT,509,148-077A,43
43089724,20344,OCP ASM NTY: SP & SNG FOR YOUNG PEOPLE,509,\G04J,830
43089725,20345,OCP GAB NTY: SP & SNG FOR YOUNG PEOPLE,509,\G16D,165
43089726,20346,OCP KAB NTY: SP & SNG FOR YOUNG PEOPLE,509,\G12A,63
43089727,20375,OCP CDD THESE 40 DAYS: MSC FOR LENT & HW,509,148-075D,41
43089729,20431,OCP GSB ESS SNGS: RESOURCE FOR YTH MSTRY,509,\H07H2,195
43089731,20445,OCP CDD NOW THAT THE MNG HAS BR THE DKNS,509,148-011KK,192
43089732,20558,OCP CDD WAITING FOR LOVE: AN ADVENT/XMAS,509,148-015HH,157
43089733,20611,OCP OCP O GOD PST AND PRE: LTG MSC/CHOIR,509,148-055I,12
43089734,20612,OCP CDD O GOD PST AND PRE M. JONCAS CD,509,148-103C,87
43089735,20667,OCP CDD TEJIDO A TIERRA: CANTO CREYENTE,509,\H07L2,359
43089736,20680,OCP CDD MRNING PRAYER EVENING PRAYER III,509,148-013OO,90
43089738,20731,OCP BSC NEVER TOO YOUNG: LEADER'S RSC,509,\H02D1,22
43089739,20732,OCP GAB MORNING PRAYER EVE PRAYER III,509,148-035O,29
43089740,20733,OCP MPB MORNING PRAYER EVE PRAYER III,509,\H04C1,577
43089741,20868,OCP CDD CANC SELECT DE CARMELO ERDOZAIN,509,148-037C,28
43089742,20870,OCP DVD SHOUT PRAISE AN EVENING WITH GWB,509,148-103H,23
43089743,20893,OCP CDD A REQ OF PEACE AND OTHER CH WKS,509,148-101D,89
43089744,20894,OCP OCP A REQ OF PEACE AND OTHER CH WKS,509,148-055N,11
43089745,20897,OCP CDD PCFL PRYR SAC MLDS OF COM & HOPE,509,148-017AA,110
43089746,20966,OCP HSC RISE UP AND SING 3RD ED ASY BK,509,\G03B,994
43089747,21003,OCP HHC JOURNEYSONG 3 CHOIR/CANTOR 21003,509,\G19H,380
43089748,21143,OCP CDD HERE I AM LORD:30TH ANNIV ED,509,\H04K1,86
43089750,44510,OCP BSC THE MYSTERY OF FAITH REVISED ED,509,\H08E1,73
43089752,105550,OCP EPS ENVELOPE OCP 9X12 GEN BOOKLET,509,\G17I,"11,352"
43089755,30100466,OCP CDD CANCS DE UN PUEBLO CAMNTE VOL 1,509,148-077E,72
43089757,30100745,OCP CDD COMP MSC FOR WLKING THE SCRD PTH,509,\H09E1,258
43089758,30101223,OCP COT FLOR Y CANTO 3 TXT ONLY W/ CHRDS,509,\G08D,64
43089760,30103332,OCP OCP PANGE LINGUA GLORIOSI: CRL MC HW,509,148-045O,15
43089761,30103333,OCP CDD PANGE LINGUA GLORIOSI: CRL MS HW,509,148-067M,80
43089762,30103571,OCP ECD MODERN WORSHIP: SONGS FOR COMM,509,148-095G,86
43089763,30104222,OCP CDD QUIERO RSPR QUE SI QUINCE PRO,509,148-073K,132
43089765,30105055,OCP CDD ORAR CON SAN PABLO ME AMO Y SE,509,148-091J,139
43089766,30105087,OCP CDD SAN JUAN DE LA CRUZ QUIEN PODRA,509,148-069E,124
43089767,30105116,OCP ECD NUEVAMENTE A SOLAS CON DIOS VCAL,509,148-051M,261
43089768,30106193,OCP ASM WE SHALL PRAISE YOUR NME PR BK,509,\H09B1,233
43089771,30106445,OCP CSB BMNT MS A CHNT MS FOR PPL OF GOD,509,\H14G5Z,112
43089772,30107052,OCP CDD JVNS DE HOY CANT A CRISTO EN BAB,509,148-057I,16
43089773,30107155,OCP KGS EUCH PRYR II III MS OF SP AND GR,509,148-011EE,264
43089774,30107441,OCP KAB MASS OF ST FR CABRINI KYBD ACC,509,\H14H4Z,13
43089775,30107442,OCP GAB MASS OF ST FR CABRINI GUITAR ACC,509,\H14A6Z,91
43089776,30107533,OCP BSC HYMNS OF LIGHT ACC ED,509,148-033D,12
43089779,30108899,OCP COV MED TWO BK CVR LG PRT NAVY BLUE,509,\G02J,695
43089780,30108900,OCP COV MED TWO BK CVR LG PRT MAROON,509,\G02L,633
43089781,30108901,OCP COV MED TWO BK CVR LG PRT CLEAR,509,\G02K,"1,613"
43089783,30109306,OCP CDD RIS UP & SNG 3 LBRY VOC AND INST,509,148-005OO,18
43089784,30112756,OCP CDD CRISTO EL MESIAS DUAL DISC VER A,509,148-075G,63
43089785,30113818,OCP BSC LIT IN A CULTURALLY DIVERSE COM,509,\H08D2,59
43089788,30114460,OCP BSC HYMNS OF LIGHT VOLUME 2 ACC ED,509,148-093D,35
43089789,30114762,OCP CSB MS OF ST. PAUL THE APSTL KB CHRL,509,148-095E,118
43089790,30114763,OCP KAB MS OF ST. PAUL THE APSTL KB ACC,509,\H14F1Z,67
43089791,30114764,OCP GAB MS OF ST. PAUL THE APSTL GU ACC,509,\H14G5Y,43
43089792,30115214,OCP CSB MASS OF CHRIST THE SAVIOR 2013,509,\H03J1,109
43089793,30115215,OCP KAB MASS OF CHRIST THE SAVIOR 2013,509,\H14H3Y,74
43089794,30115216,OCP GAB MASS OF CHRIST THE SAVIOR 2013,509,\H14B1Y,48
43089795,30115240,OCP GAB MASS OF CHRIST THE SAVIOR EXP ED,509,\H13J6XY,115
43089796,30115243,OCP CDD MASS OF CHRIST THE SAVIOR EXP ED,509,\H07D2,346
43089797,30115245,OCP SIB MASS OF CHRIST THE SAVIOR EXP ED,509,\H13K5XY,115
43089798,30116239,OCP CDD NGUON SANG LINH THIENG RADIANT,509,148-075J,79
43089799,30116833,OCP KAB MASS OF CHRIST THE SAVIOR EXP ED,509,\H02E2,51
43089810,30118569,OCP CSB COM ANTPHNS FOR SATB CHOIR VOL 1,509,\H09D2,65
43089811,30118771,OCP GSB VIVE TU FE 50 CANTOS DE EVANGELI,509,\H01D1,77
43089812,30118772,OCP COT VIVE TU FE EVANGELIZACION ORACIO,509,\G08H,"1,013"
43089813,30118901,OCP CSB COM ANTPHNS FOR SATB CHOIR VOL 2,509,\H05J1,232
43089814,30119074,OCP CDD THIS PL OF PFCT PEACE OBOC WHIT,509,\H04A2,646
43089815,30122629,OCP CDD COM ANTPHNS FOR SATB CHOIR VOL 1,509,148-003AA,169
43089816,30122631,OCP CDD COM ANTPHNS FOR SATB CHOIR VOL 2,509,148-011HH,224
43089817,30127422,OCP CDD CANCS DE UN PUEBLO CAMNTE VOL 3,509,148-005KK,270
43089818,30127423,OCP GSB CANCS DE UN PUEBLO CAMNTE VOL 3,509,148-099I,106
43089819,30128557,OCP ASM ST. MEINRAD ENTRANCE AND COM ANT,509,\H03H2,"1,079"
43089820,30128558,OCP CDD ST. MEINRAD ENTRANCE AND COM ANT,509,148-001FF,183
43089821,30128932,OCP CDD LOVE REMAINS: SONGS OF CONS,509,148-047A,81
43089825,30129228,OCP GAB SP & SNG GUITAR VCL SM FMT SP BD,509,\G08B,68
43089829,30131334,OCP CDD GL & PR THIRD EDITION CD LIBRARY,509,\G17A,80
43089830,30131335,OCP HHC GL& PR THIRD ED WITH READINGS,509,A542,625
43089831,30131336,OCP HHC GL & PR 3RD ED CHOIR/CANTOR,509,\G08E,82
43089832,30132343,OCP CDD EARTHEN VESSELS: 40TH ANV ED,509,\H02C2,99
43089833,30132494,OCP GSB MNY MRE STYS AND SONGS OF JESUS,509,\H05K2,244
43089834,30132495,OCP CDD MNY MRE STYS AND SONGS OF JESUS,509,148-013NN,275
43089835,30132617,OCP ABK MNY MRE STYS AND SONGS OF JESUS,509,148-007HH,145
43089836,30133177,OCP CDD S&S BY REQUEST: COMTEMP TRAD WT,509,148-001BB,635
43089837,30133178,OCP CDD S&S BY REQUEST: ADVENT & XMAS,509,148-051D,450
43089838,30133185,OCP BSC ITMOOS OPENING OSLVS TO CHRIST,509,148-009JJ,129
43089845,30134323,OCP BSC THE HEART OF OUR MSC VOL 1-3,509,148-045F,22
43089846,30134772,OCP CDD AKWAABA SONGS OF PEACE AND SOLID,509,\G20A,"1,826"
43089847,30134838,OCP HBK HYMNS FOR ALL SEASONS SP BD,509,\G04D,130
43089848,30134930,OCP CDD MISA SANTA TERESITA DEL NINO JES,509,\H06I2,610
43089849,30134931,OCP GSB MISA SANTA TERESITA DEL NINO JES,509,\H14E1Z,113
43089850,30134990,OCP CDD DISCP MISIONEROS/MSNRY DISCIPLES,509,\H03L1,524
43089852,30136729,OCP GSB DISCP MISIONEROS/MSNRY DISCIPLES,509,\H08J2,232
43089854,30137859,OCP KAB SMEAC ANTIPHONS FOR SACRAMENT,509,\H08G2,290
43089855,30137916,OCP CDD 18 CNTS PARA CUARESMA SEMANA,509,148-065D,70
43089856,30137973,OCP KAB SMEAC FOR CATHEDRAL,509,\H05D1,386
43089857,30138007,OCP CDD VIA CRCS TXTS Y REFL SBRE LA PSN,509,148-075I,78
43089858,30138202,OCP CDD THE SND OF VICT W MS OF ST KILIA,509,148-051F,378
43089859,30139535,OCP CDD GENTLE NIGHT: 40TH ANN EDITION,509,\H06H2,92
43089861,30140123,OCP CSB ENT ANT FOR SATB CHOIR VOL 1,509,\H05B2,321
43089862,30140124,OCP CSB ENT ANT FOR SATB CHOIR VOL 2,509,\H05B1,312
43089863,30140125,OCP CDD ENT ANT FOR SATB CHOIR VOL 1,509,148-011MM,207
43089864,30140126,OCP CDD ENT ANT FOR SATB CHOIR VOL 2,509,148-067D,126
43089866,30140467,OCP CDD BE STILL MASS OF CHRIST INNER LI,509,148-005LL,144
43089867,30140809,OCP BSC HERMIT PRCHR WANDERER WITH DPL,509,\H03H1,131
43089872,30140907,OCP OTH VIP COMP PRODUCT STCKER JAN 2018,509,148-031D,"1,540"
43089874,30140923,OCP OTH SHOWCASE PACKET 2017 WITH CNTS,509,\G15G,127
43089875,30140925,OCP BSC 26 ORDINARY WAYS TO LIVE THE LIT,509,148-095F,78
43089881,30143103,OCP KAB CH CHRIST MSL PIANO ACC BK 2020,509,\G06C,26
43089882,30143104,OCP GAB-CHOOSE CHRIST MISSAL GUITAR 2020,509,\G06E,51
43089884,30143149,OCP CDD NOVENA GUADALUPE NOVENA OUR LADY,509,148-001LL,209
43089885,30143362,OCP MPB ADV XMAS PR FOR THE JOURNEY,509,148-007KK,219
43089886,30143363,OCP CDD ADV XMAS PR FOR THE JOURNEY,509,148-005FF,226
43089887,30143450,OCP BDR ACC CON BDR DK GREY 2.5 IN 5 RNG,509,\G06B,99
43089888,30143451,OCP BDR ACC CON BDR SLVR 2.5 IN 5 RNG,509,\G06A,106
43089889,30143452,OCP BDR INSERT SHEET FOR ACC CONT BDRS,509,148-097J,"2,421"
43089890,30143648,OCP BSC COMP CHRIST COMP PEOPLE,509,\H08F1,56
43089895,30144336,OCP CDD TDAYS MSC FOR TDAYS CH 2020 SUP,509,148-007EE,63
43089896,30145253,OCP BSC UNLOCKING THE FEASTS SEASONS LIT,509,148-103M,89
43089915,30146851,OCP KAB HTG ACC BOOK 2022 INSIDE PAGES,509,\G11F,104
43089916,30146852,OCP GAB HTG ACC BOOK 2022 INSIDE PAGES,509,\G12E,12
43089922,30147065,OCP BHC THE PASS OF OUR LRD JESUS CHRIST,509,\G10E,203
43089923,30147066,OCP BHC THE PASS OF OUR LRD JESUS CHR IP,509,\G12G,77
43089924,30147067,OCP BHC LA PAS DE NUESTRO SNR JESUCRISTO,509,\G12C,469
43089925,30147068,OCP BHC LA PASION DE NUESTRO JESUCRISTO,509,\H02B2,135
43089947,30148903,OCP BDR ACC BINDER MAROON 3 RING,509,\G03K,38
43089993,6012,OCP BSC CHOIR PRAYERS,509,148-089F,37
43089996,6031,OCP BSC JERUSALEM REVISITED LITURGICAL,509,148-037H,29
43089998,6036,OCP BSC MORE CHOIR PRAYERS,509,148-095J,54
43090000,6071,OCP BSC CREATION AND LITURGY,509,148-033I,13
43090005,6096,OCP BSC THEMES OF RENEWAL,509,148-055J,10
43090008,6102,OCP BSC CLASSROOM PRAYER BASICS,509,\H14K6X,15
43090009,6103,OCP BSC A PRIMER FOR THE CHOIR MEMBER,509,\H14E4Z,18
43090011,6136,OCP BSC CHOIR DIRECTORS BASICS,509,148-105A,49
43090012,6139,OCP BSC CATHOLIC CATECHISTS COMPANION,509,148-045H,12
43090013,6142,OCP BSC LITURGICAL ENSEMBLE BASICS,509,\H01G2,91
43090014,6144,OCP BSC ST LOUIS JESUITS THIRTY YEARS,509,\H06B1,147
43090015,6147,OCP BSC HOSPITALITY BASICS,509,\H14F5XY,76
43090016,6148,OCP BSC ONE VOICE MANY RHYTHMS,509,148-055A,15
43090019,6152,OCP BSC KEEP THE FIRE BURNING,509,\H09B2,135
43090020,8114,OCP CSB CHORAL DESCANTS 1,509,148-087M,58
43090021,8201,OCP BSC REMEMBRANCE,509,\G09C,201
43090022,8219,OCP CSB CHORAL DESCANTS 2,509,148-095H,62
43090023,8220,OCP CSB CHORAL DESCANTS 3,509,148-043L,23
43090026,8521,OCP CSB CHORAL DESCANTS 6,509,148-071A,44
43090032,9217,OCP CSB THE ADVENT OF OUR GOD,509,148-083A,25
43090034,9349,OCP CSB THE PASSION ACCORDING TO ST JOHN,509,148-015II,81
43090035,9397,OCP CDD LOVES RADIANT LIGHT,509,148-101G,101
43090036,9404,OCP GSB STORIES AND SONGS OF JESUS,509,\H02B1,79
43090037,9411,OCP CDD GOD BEYOND ALL NAMES,509,148-065C,65
43090039,9443,OCP BDR SERVICE MUSIC INDICES (7 TABS),509,\H01A2,451
43090040,9469,OCP GAB A DWELLING PLACE,509,148-109H,12
43090043,9473,OCP CDD ON EAGLES WINGS,509,148-095M,65
43090045,9480,OCP CDD LORD OF LIGHT,509,148-069H,96
43090047,9485,OCP GAB GENTLE NIGHT,509,\H14E2XY,53
43090048,9526,OCP CDD WAITING MOMENTS,509,148-097D,86
43090050,9653,OCP KGA CALLING THE CHILDREN,509,148-031J,12
43090052,9713,OCP CDD DRAWN BY A DREAM,509,148-057O,34
43090054,9853,OCP BSC CELEBRATION,509,\H03I2,221
43090055,9909,OCP CDD DONA NOBIS PACEM,509,148-063G,38
43090057,9915,OCP CSB CHRIST BE OUR LIGHT,509,148-057K,49
43090058,9917,OCP CDD CHRIST BE OUR LIGHT,509,148-073C,99
43090060,9923,OCP KGS SILENT HOLY NIGHT,509,\H02H2,80
43090063,9959,OCP CHB SILENT HOLY NIGHT,509,\H14F3XY,52
43090067,10016,OCP BSC RISE UP AND READ MUSIC,509,\H14G6Y,33
43090068,10019,OCP ABK STORIES AND SONGS OF JESUS,509,\H02G1,222
43090071,10025,OCP CDD IF WE DARE TO HOPE,509,148-053D,20
43090072,10027,OCP CDD BLESS THE LORD TAIZE,509,148-081B,42
43090076,10073,OCP GAB OUR BLESSING CUP,509,\H05F1,262
43090077,10075,OCP CDD OUR BLESSING CUP,509,148-009DD,154
43090082,10111,OCP KGS GOD SHINES ON YOU,509,\H01J2,89
43090083,10112,OCP CHB GOD SHINES ON YOU,509,\H14L1Z,14
43090085,10118,OCP MPB MORNING PRAYER EVENING PRAYER,509,148-013CC,130
43090086,10120,OCP CDD MORNING PRAYER EVENING PRAYER,509,148-077B,59
43090088,10139,OCP GSB PALABRAS Y CANTOS DE JESUS,509,\H14K1Z,22
43090089,10142,OCP ABK PALABRAS Y CANTOS DE JESUS,509,\H14E3XY,162
43090090,10169,OCP CDD IN REMEMBRANCE OF YOU,509,148-043D,23
43090092,10180,OCP CDD CHANT FROM THE HERMITAGE,509,148-041N,36
43090093,10194,OCP CSB SING WE NOW OF CHRISTMAS,509,148-063J,60
43090094,10199,OCP CDD BEHIND AND BEFORE ME,509,148-041I,33
43090095,10203,OCP KGS RAIN DOWN,509,148-095I,30
43090096,10205,OCP CDD RAIN DOWN,509,148-039G,22
43090106,10233,OCP CSB GENTLE SHEPHERD,509,148-001CC,109
43090107,10235,OCP CDD GENTLE SHEPHERD,509,148-079O,50
43090109,10358,OCP CDD LET HEAVEN REJOICE,509,148-087F,86
43090111,10367,OCP GAB SOMOS LA IGLESIA,509,\H14K5Y,15
43090112,10372,OCP GAB MORNING PRAYER EVENING PRAYER,509,\H14J4X,12
43090113,10376,OCP CDD BEHOLD THE LAMB 2 DISC SET,509,148-041F,34
43090114,10402,OCP CDD TABLE OF PLENTY TALBOT,509,148-067J,38
43090118,10417,OCP GSB MORE STORIES & SONGS OF JESUS,509,\G19G,195
43090119,10420,OCP CDD MORE STORIES & SONGS OF JESUS,509,148-083G,44
43090120,10421,OCP ABK MORE STORIES & SONGS OF JESUS,509,\H13K4XY,13
43090122,10438,OCP CDD FIND US READY,509,148-039A,31
43090123,10440,OCP CDD ONE BREAD ONE BODY,509,148-073L,142
43090126,10538,OCP CDD DEO GRATIAS,509,148-001KK,145
43090127,10564,OCP BSC JESUSGATE,509,148-079C,41
43090128,10600,OCP CSB THE VINEYARD OF THE LORD,509,148-083C,51
43090129,10604,OCP CDD CHRIST THE SAVIOUR,509,148-079H,41
43090131,10611,OCP CDD PALABRAS Y CANTOS DE JESUS,509,148-059H,13
43090135,10636,OCP GAB MORNING PRAYER EVENING PRAYER 2,509,\H14G3X,41
43090137,10639,OCP CDD MORNING PRAYER EVENING PRAYER 2,509,148-083N,23
43090138,10642,OCP CDD SOMOS LA IGLESIA,509,148-035H,13
43090141,10647,OCP CDD A DWELLING PLACE,509,148-087L,19
43090143,10649,OCP CDD THE STEADFAST LOVE,509,148-083K,57
43090144,10655,OCP KGS QUE ALEGRIA/I REJOICED,509,\H14B2X,39
43090145,10657,OCP CDD QUE ALEGRIA/I REJOICED,509,148-099D,47
43090150,10700,OCP KGS MAKE A DIFFERENCE,509,\H14K6Z,14
43090151,10702,OCP CDD MAKE A DIFFERENCE,509,\H08J1,321
43090154,10765,OCP CDD A SACRED PLACE,509,148-097E,97
43090157,10801,OCP CDD AT THE NAME OF JESUS,509,148-071N,42
43090159,10825,OCP CSB RESTLESS IS THE HEART,509,148-053L,26
43090160,10827,OCP CDD RESTLESS IS THE HEART,509,148-039I,27
43090164,10859,OCP CDD MISSION MUSIC OF CALIFORNIA,509,148-071D,106
43090168,10906,OCP CDD CALLING THE CHILDREN,509,148-071J,43
43090169,10967,OCP CDD MISA DEL MUNDO,509,\H09D1,243
43090170,10993,OCP CDD JOY TO THE WORLD,509,148-049D,155
43090175,11008,OCP CDD PEACE AT CHRISTMAS,509,148-039O,24
43090176,11015,OCP CDD EL TIEMPO DEL ESPIRITU,509,148-035D,13
43090179,11022,OCP CDD O HOLY MARY,509,148-051N,54
43090181,11126,OCP BSC CHILDRENS CHOIR BASICS,509,\H01C2,78
43090183,11146,OCP KGS PESCADOR DE HOMBRES,509,\H08D1,411
43090184,11148,OCP CDD PESCADOR DE HOMBRES,509,148-057L,63
43090185,11151,OCP CDD SHARE THE LIGHT,509,148-101J,89
43090191,11192,OCP CDD CLOW YEAR A 2 CD SET,509,148-039D,64
43090192,11193,OCP CDD CLOW YEAR B 2 CD SET,509,148-047J,74
43090193,11194,OCP CDD CLOW YEAR C 2 CD SET,509,148-103I,35
43090194,11204,OCP CDD GRACIOUS LIGHT,509,148-065H,61
43090196,11218,OCP CDD SHADOW OF MY WINGS,509,148-097C,97
43090200,11246,OCP KGS DESDE LA AURORA HASTA EL OCASO,509,\H14F6Z,40
43090201,11248,OCP CDD DESDE LA AURORA HASTA EL OCASO,509,148-071K,26
43090203,11251,OCP KAB AMBER J COTTER PIANO BOOK,509,\H14J5Z,24
43090205,11269,OCP CSB POWER OF PEACE,509,\H14A4Y,24
43090206,11271,OCP CDD POWER OF PEACE,509,148-067F,102
43090207,11275,OCP CDD ON THIS MOUNTAIN,509,148-093E,53
43090210,11292,OCP CDD SPIRIT & SONG BY REQUEST CD,509,148-071E,113
43090211,11295,OCP CDD CHRIST WE PROCLAIM V1,509,148-051L,11
43090212,11298,OCP CSB CHRIST WE PROCLAIM V3,509,\H14G2X,39
43090214,11333,OCP OCP HERE I AM LORD D,509,148-035F,12
43090215,11347,OCP KAB EASY PIANO PRAISE VOL 1,509,\H06C2,154
43090216,11350,OCP CDD LAND OF THE LIVING,509,148-101C,81
43090217,11361,OCP CDD ONE BREAD ONE BODY VOL 2,509,148-057N,56
43090218,11369,OCP CDD IN THIS PLACE,509,148-101O,13
43090220,11398,OCP CDD GO OUT AND TELL,509,148-057A,11
43090221,11400,OCP KGS RESUCITO,509,\G14B,680
43090223,11437,OCP CDD MISA SANTA BARBARA,509,148-033N,12
43090233,11480,OCP CSB GLORY IN THE CROSS,509,\H08B2,121
43090234,11482,OCP CDD GLORY IN THE CROSS 2 CD SET,509,148-067L,131
43090237,11604,OCP COV CLEAR VINYL LARGE,509,\G03E,880
43090238,11629,OCP CSB LORD OPEN MY LIPS,509,\H14G3Z,36
43090239,11630,OCP ASM LORD OPEN MY LIPS,509,148-039B,15
43090240,11631,OCP CDD LORD OPEN MY LIPS,509,148-041H,73
43090244,11654,OCP CDD MISA PANAMERICANA MARIACHI,509,148-079D,36
43090245,11660,OCP CDD AMANECER,509,148-081A,74
43090259,11804,OCP CDD LONGING HEART CON TIM KHAO KHAT,509,148-083J,52
43090260,11807,OCP GSB LOVE NEVER FAILS,509,\H05C1,431
43090261,11809,OCP CDD LOVE NEVER FAILS,509,148-099L,59
43090265,11826,OCP COV PRESENTATION FOLDER BLUE,509,\G14J,86
43090266,11827,OCP COV PRESENTATION FOLDER MAROON,509,\G14I,124
43090267,11828,OCP COV PRESENTATION FOLDER GREEN,509,\H01D2,55
43090268,11837,OCP BSC CANTOR BASICS 2ND EDITION,509,\H06B2,60
43090273,11877,OCP GSB EL AMOR NUNCA PASARA,509,148-035K,23
43090274,11879,OCP CDD EL AMOR NUNCA PASARA,509,148-039E,15
43090276,11904,OCP CDD YOU ARE NEAR,509,148-013AA,163
43090278,11911,OCP CSB GO BEFORE US,509,\H14A4X,49
43090280,11915,OCP KGA DE LA CRUZ A LA GLORIA,509,\H01E1,76
43090281,11917,OCP CDD DE LA CRUZ A LA GLORIA,509,148-097M,94
43090282,11918,OCP HHC VIETNAMESE HYMNAL,509,\G10F,135
43090284,11924,OCP CDD MARANATHA,509,148-087C,75
43090289,11968,OCP CDD THE NEW JERUSALEM,509,148-033E,10
43090295,12023,OCP CSB TRYIN TO GET READY,509,148-003II,209
43090296,12024,OCP CDD TRYIN TO GET READY,509,148-077F,71
43090300,12048,OCP CDD LIVE IT 2 CD SET,509,148-041E,20
43090303,12051,OCP CDD WELCOME TO LIFE,509,148-003BB,154
43090304,12052,OCP CDD GENTLE STRENGTH,509,148-071B,46
43090312,12144,OCP CSB PRINCE OF PEACE,509,\H01E2,75
43090313,12145,OCP CDD PRINCE OF PEACE,509,148-007BB,158
43090315,12156,OCP GSB WELCOME TO LIFE GUITAR,509,\H14I4X,11
43090317,12185,OCP CDD LUZ PERPETUA 2 CD SET,509,\H04D1,383
43090319,12187,OCP CDD THE BEST OF RAY REPP VOL 1,509,148-085E,32
43090320,12193,OCP CDD THE BEST OF RAY REPP VOLUME 2,509,148-037N,23
43090321,12238,OCP CDD CHANGE YOUR WORLD,509,148-037G,18
43090325,12244,OCP ASM LIBER CANTUALIS,509,148-007AA,75
43090326,12252,OCP CDD STAINLESS THE MAIDEN,509,\H07B2,456
43090341,12726,OCP ASM A CONTEMPLATIVE ROSARY PEOPLES,509,148-037A,14
43090347,12785,OCP CDD YOU GOTTA MOVE,509,\H06J2,506
43090348,12790,OCP CSB MORNING LIGHT,509,\H01G1,157
43090349,12791,OCP CDD MORNING LIGHT,509,148-015BB,113
43090354,12882,OCP CDD THE SONG OF LUKE,509,148-073A,51
43090355,12890,OCP KAB PSALMS FROM THE SOUL VOL 1,509,\H03A2,91
43090356,12891,OCP CDD PSALMS FROM THE SOUL VOL 1,509,148-095A,106
43090361,12907,OCP CDD CITY OF GOD,509,148-079L,57
43090362,12915,OCP CDD OVERFLOW,509,148-039K,23
43090364,20006,OCP CDD TRADICIONES,509,148-093G,56
43090365,20007,OCP CDD CHRISTMAS CHILD,509,\H08L1,382
43090366,20008,OCP CDD SACRED REVOLUTION,509,148-015JJ,165
43090367,20014,OCP CDD SIGAN LA BANDERA,509,148-069B,115
43090369,20016,OCP CDD THE PASSION OF OUR LORD JESUS,509,\H08F2,139
43090378,20098,OCP CDD PERSUADED,509,148-085C,62
43090379,20099,OCP CDD MORNING AND EVENING,509,148-077D,67
43090382,20146,OCP GAB SAL DE LA TIERRA,509,\H14J5Y,19
43090383,20148,OCP CDD SAL DE LA TIERRA,509,148-051J,33
43090384,20150,OCP CGB PSALMS FROM THE SOUL VOL 1,509,\H06F2,110
43090385,20151,OCP GSB SAL DE LA TIERRA,509,148-063N,75
43090387,20161,OCP CDD WAITING,509,148-089K,140
43090391,20194,OCP KGS OVERFLOW,509,\H08G1,91
43090394,20213,OCP CDD HEAR THE PRAYERS THAT RISE,509,148-001DD,43
43090395,20214,OCP ASM HEAR THE PRAYERS THAT RISE,509,148-003CC,70
43090396,20215,OCP KAB HEAR THE PRAYERS THAT RISE,509,\G03H,92
43090397,20216,OCP SIB HEAR THE PRAYERS THAT RISE,509,\H01L1,90
43090399,20234,OCP CDD DIA DE FIESTA,509,148-045I,22
43090400,20235,OCP KGS DIA DE FIESTA,509,\H14J2Y,19
43090403,20243,OCP KGA LUZ PERPETUA,509,\H09F1,36
43090408,20261,OCP CDD ANOINTING,509,\H01I1,369
43090411,20290,OCP CDD SPIRIT & SONG 2: BY REQUEST,509,148-099H,106
43090413,20293,OCP CDD LOVE THE LORD YOUR GOD,509,148-039H,41
43090414,20295,OCP CDD THIS HOLY LIGHT,509,148-067G,71
43090415,20296,OCP CSB THIS HOLY LIGHT,509,\H02F2,80
43090416,20312,OCP CDD LET ME FOLLOW,509,148-001HH,208
43090417,20313,OCP CSB LET ME FOLLOW,509,\H14I4Y,14
43090419,20348,OCP CDD NEVER TOO YOUNG VOCAL EDITION,509,\H09G1,93
43090420,20349,OCP CDD NEVER TOO YOUNG INSTRUMENTAL,509,\H06J1,63
43090421,20352,OCP CDD COMPASSIONATE & WISE,509,148-071L,48
43090425,20368,OCP BHC THE WORK OF OUR HANDS,509,\H02I1,48
43090429,20384,OCP CDD THE GIFT OF OUR FRIENDS,509,148-037K,20
43090430,20385,OCP CSB THE GIFT OF OUR FRIENDS,509,\H14J3X,20
43090431,20428,OCP CDD INVITATION,509,148-045M,22
43090432,20430,OCP CDD LIVE: SONGS FROM THE ROAD,509,\H04J2,498
43090433,20432,OCP ASM ESSENTIAL SONGS,509,148-015LL,321
43090440,20449,OCP CDD THERE IS A RIVER,509,\H07F2,335
43090441,20547,OCP CDD ONE LORD OF ALL ST LOUIS JESUITS,509,148-097F,96
43090442,20550,OCP CDD CANTEMOS AL AMOR DE LOS AMORES,509,148-003DD,171
43090443,20551,OCP CDD EL SENOR NOS INVITA,509,148-095O,102
43090444,20552,OCP KGA EL SENOR NOS INVITA,509,\H08C2,48
43090445,20553,OCP ASM EL SENOR NOS INVITA,509,148-053K,249
43090446,20559,OCP DIR WAITING FOR LOVE,509,\H14B5Y,35
43090447,20560,OCP CGB WAITING FOR LOVE,509,\H01F2,331
43090448,20561,OCP CDD AWAKE AT LAST,509,148-045L,44
43090449,20563,OCP CDD DEL PESEBRE A LA CRUZ,509,148-089I,65
43090451,20638,OCP CDD GLORY BOUND:PRAISING GOD FROM,509,\H07G1,387
43090453,20704,OCP KGS JOURNEY TO YOU,509,\H14I2Y,12
43090458,20739,OCP CDD CAPTURED,509,148-013BB,178
43090459,20740,OCP GAB CAPTURED,509,\H14I1Z,11
43090460,20741,OCP KAB PSALMS FROM THE SOUL VOL 2,509,\H01L2,88
43090461,20742,OCP CGB PSALMS FROM THE SOUL VOL 2,509,148-031E,61
43090462,20743,OCP CDD PSALMS FROM THE SOUL VOL 2,509,148-097H,99
43090464,20759,OCP CDD NEVER TOO YOUNG: BY REQUEST,509,148-063O,70
43090465,20761,OCP CDD THE COMMONS: BY REQUEST,509,148-087B,61
43090466,20790,OCP CDD YOUR KINGDOM IS GLORIOUS,509,\H07D1,358
43090467,20794,OCP CDD DOXOLOGY,509,148-087A,66
43090469,20800,OCP CDD YOUR SONG OF LOVE,509,148-041A,31
43090471,20839,OCP CDD 15 CANTOS PARA LA CENA DEL SENOR,509,148-037E,26
43090472,20843,OCP CDD EMPTY AND BEAUTIFUL,509,148-005CC,137
43090473,20844,OCP KGS EMPTY & BEAUTIFUL,509,\H14B5Z,31
43090474,20892,OCP CDD TABLE OF PLENTY,509,148-015CC,221
43090475,20895,OCP CDD FOR YOUR GLORY REIGNS,509,148-041D,24
43090476,20898,OCP CDD THE COMMONS: BY REQUEST 2.0,509,148-045G,26
43090477,20959,OCP HHC FLOR Y CANTO 3 WORD/MELODY 20959,509,\G04C,117
43090480,20963,OCP KAB FLOR Y CANTO 3,509,\G06G,43
43090481,20964,OCP CDD FLOR Y CANTO 3,509,\G13H,148
43090482,20967,OCP KGA RISE UP AND SING 3RD EDITION,509,\G17F,39
43090484,20969,OCP CDD RISE UP & SING 3 INSTRUMENTAL,509,148-015OO,32
43090485,20995,OCP BSC SING TO THE LORD,509,148-009AA,127
43090487,20997,OCP OCP COME RECEIVE CHRIST,509,148-031F,13
43090490,21002,OCP HHC JOURNEYSONGS 3 W/ READINGS 21002,509,\G01D,164
43090491,21004,OCP KAB JOURNEYSONGS 3 THREE VOLUME SET,509,\G03F,17
43090492,21005,OCP GAB JOURNEYSONGS 3,509,\G12H,61
43090493,21006,OCP SIB JOURNEYSONGS 3,509,\G20B,62
43090494,21007,OCP CDD JOURNEYSONGS 3,509,\G17E,79
43090498,21086,OCP CDD WE ARE THE BEGGARS,509,148-013GG,166
43090500,21092,OCP CDD TE DOY GRACIAS,509,148-101B,79
43090501,21137,OCP CDD PABLO INTIMO,509,\H04E2,582
43090502,21303,OCP BSC WALKING THE SACRED PATH,509,\H09G2,178
43090508,105768,OCP SLF OCP STORY SELF MAILER,509,\G19A,"3,076"
43090513,30100489,OCP CDD INESCAPABLE LOVE,509,\G08L,851
43090514,30100529,OCP CDD LIFE YOU'RE LIVING,509,148-093N,96
43090515,30100688,OCP KAB HERITAGE MASS REVISION,509,\H14B2Z,132
43090516,30100690,OCP KAB CELTIC MASS REVISION,509,148-105C,89
43090517,30100973,OCP BSC THE PATH TOWARD RESURRECTION,509,148-099J,100
43090521,30101224,OCP CGB FLOR Y CANTO 3 PSALTER,509,\H05I1,90
43090523,30101348,OCP CDD ECHO OF YOUR PEACE,509,148-037J,18
43090528,30101799,OCP CDD GET ON BOARD,509,\H01K2,512
43090529,30101821,OCP CDD CHRIST IN ME ARISE,509,148-009BB,136
43090531,30102294,OCP GAB HERITAGE MASS REVISION,509,148-103O,71
43090532,30102296,OCP GAB CELTIC MASS REVISION,509,\H14A6X,136
43090533,30102297,OCP CSB CELTIC MASS REVISION,509,\H14L1Y,22
43090534,30102299,OCP CDD MASS SETTINGS SUPP CD,509,\H09I2,440
43090535,30102300,OCP ASM MASS SETTINGS SUPPL SBK,509,\H03C2,"2,193"
43090536,30102432,OCP KAB MASS OF RENEWAL,509,\H03B2,137
43090537,30102434,OCP GAB MASS OF RENEWAL,509,\H14B3Z,37
43090538,30102435,OCP CSB MASS OF RENEWAL,509,\H09J1,92
43090542,30104223,OCP KGS QUIERO RESPONDER QUE SI,509,\H01J1,55
43090544,30104621,OCP BSC A HERITAGE OF HYMNS,509,148-077C,72
43090545,30104908,OCP ECD YOU ARE THE LIGHT,509,\H02G2,312
43090546,30104919,OCP ECD DIVINE COMEDY FRANCOIS,509,\H07F1,262
43090548,30104990,OCP CDD ORAR CON EL CORAZON,509,148-081H,233
43090549,30105069,OCP CDD HERMANA GLENDA LIVE,509,148-085M,148
43090550,30105104,OCP CDD ORAR CON MARIA,509,148-097B,130
43090551,30105112,OCP ECD A SOLAS CON DIOS INSTRUMENTAL,509,148-065K,85
43090552,30105240,OCP CDD WORSHIP AND BOW DOWN,509,148-015AA,228
43090553,30105429,OCP CDD WHAT A JOY,509,\H04I2,459
43090555,30106191,OCP ECD GIVE GOD THE GLORY,509,\H06L2,476
43090558,30106266,OCP ECD EVER ANCIENT EVER NEW,509,\H07H1,461
43090570,30106394,OCP CDD CANCIONES DE UN PUEBLO VOLUMEN 2,509,148-045B,23
43090571,30106444,OCP CSB MASS OF ST FRANCES CABRINI,509,\H13K1XY,150
43090572,30106509,OCP CSB TO PRAISE YOU,509,148-005GG,158
43090573,30106574,OCP CDD WE SHALL PRAISE YOUR NAME,509,148-005EE,248
43090574,30106673,OCP CDD GUSTEN Y VEAN/TASTE AND SEE,509,148-057H,15
43090579,30106930,OCP BSC HYMNS OF LIGHT,509,148-037O,31
43090580,30107153,OCP CDD SPIRIT AND GRACE,509,148-083E,55
43090581,30107157,OCP CSB MASS OF SPIRIT AND GRACE,509,\H01I2,75
43090582,30107166,OCP GAB MASS OF SPIRIT AND GRACE,509,\H14J2Z,91
43090584,30107215,OCP KAB MASS OF A JOYFUL HEART,509,\H14L4X,113
43090585,30107234,OCP ECD MASS OF A JOYFUL HEART,509,148-009OO,146
43090586,30107333,OCP CHP CHORAL PRAISE 3,509,\G06I,198
43090587,30107334,OCP CHP CHORAL PRAISE 3 WITH READINGS,509,\G15A,167
43090588,30107367,OCP CDD TO PRAISE YOU,509,148-013KK,279
43090589,30107427,OCP GAB MASS OF A JOYFUL HEART,509,\H14G4Z,58
43090592,30108001,OCP CSB LOVE GOES ON,509,148-075H,51
43090593,30108002,OCP CDD LOVE GOES ON,509,148-097O,86
43090594,30108107,OCP OCP AMID PASSING THINGS,509,148-065N,70
43090595,30108108,OCP CDD AMID PASSING THINGS,509,\H02D2,376
43090596,30108147,OCP CDD EL SENOR ES MI PASTOR,509,148-073M,118
43090598,30108494,OCP COV LARGE ONE BOOK COVER NAVY BLUE,509,\G03L,"1,121"
43090599,30108495,OCP COV MEDIUM ONE BOOK COVER NAVY BLUE,509,\G05E,685
43090600,30108496,OCP COV LARGE ONE BOOK COVER CLEAR,509,\G03A,"1,262"
43090601,30108497,OCP COV MEDIUM ONE BOOK COVER CLEAR,509,\G02G,"1,022"
43090602,30108500,OCP BDR ACCOMPANIMENT BINDER NAVY 5 RING,509,\G09F,120
43090603,30108502,OCP BDR ACCOMPANIMENT BINDER GRAY 3 RING,509,\G04A,59
43090605,30108897,OCP COV LARGE TWO BOOK COVER NAVY BLUE,509,\G06J,"1,566"
43090606,30108898,OCP COV LARGE TWO BOOK COVER MAROON,509,\G02D,598
43090607,30108902,OCP COV  SMALL ONE BOOK COVER CLEAR,509,\G07A,"2,659"
43090609,30109310,OCP BHC WITH ROSES FOR ALL,509,148-043O,23
43090612,30109478,OCP CGB MASS OF A JOYFUL HEART,509,\H14I5X,108
43090614,30110379,OCP ECD SONGS FOR ADVENT AND CHRISTMAS,509,148-001MM,182
43090615,30110397,OCP GSB SONGS FOR PRAYER AND WORSHIP,509,\H02I2,115
43090616,30112755,OCP CDD CHRISTO EL MESIAS VOCAL ONLY,509,148-031H,36
43090619,30113176,OCP CDD YOUR TIME,509,148-053E,107
43090620,30113320,OCP HBK WITHIN OUR HEARTS BE BORN,509,148-009MM,91
43090621,30113342,OCP OCP STAND BY ME,509,148-031A,47
43090622,30113343,OCP CDD STAND BY ME,509,\H08H2,403
43090623,30113509,OCP MER HYMNAL BOOKMARK 5 RIBBON,509,148-017BB,"1,024"
43090625,30113952,OCP HHC SPIRIT & SONG ASSEMBLY BOOK,509,\G05K,226
43090626,30114320,OCP KAB SPIRIT & SONG INSIDE PAGES,509,\G12D,34
43090627,30114321,OCP GAB SPIRIT & SONG INSIDE PAGES,509,\G16L,34
43090628,30114372,OCP SCD GOD WITH US PRAYERBOOK,509,\G18L,267
43090629,30114459,OCP BSC HYMNS OF LIGHT VOLUME 2,509,148-095B,33
43090630,30114670,OCP CDD PUEBLO DE DIOS,509,148-003FF,238
43090631,30114671,OCP GSB PUEBLO DE DIOS,509,\H14C1XY,120
43090632,30114749,OCP CDD WINDOWPANE,509,148-077N,51
43090633,30114750,OCP CSB MASS OF GLORY KB CHORAL,509,\H14F2XY,75
43090634,30114751,OCP KAB MASS OF GLORY KEYBOARD ACC,509,\H14L4Y,25
43090635,30114752,OCP GAB MASS OF GLORY,509,\H14L4Z,38
43090636,30114756,OCP CSB MASS OF RESURRECTION KB CHORAL,509,\H06K1,86
43090637,30114757,OCP KAB MASS OF RESURRECTION KEYBOARD AC,509,148-039C,130
43090638,30114758,OCP GAB MASS OF RESURRECTION GUITAR ACC,509,\H14I5Y,63
43090639,30115300,OCP CDD PEACEFUL PRAYER VOLUME 2,509,148-047I,86
43090640,30115704,OCP HHC OFUV HYMNAL PACK W/SUPPLEMENT,509,148-093M,15
43090641,30116055,OCP ECD A NEW DAY,509,148-003GG,64
43090642,30116459,OCP CDD ALL THE PEOPLE SAID AMEN,509,148-015EE,161
43090643,30116547,OCP CDD SPIRIT & SONG VOL 1 DISCS A & B,509,\H08H1,450
43090644,30116548,OCP CDD SPIRIT & SONG VOL 2 DISCS C & D,509,\H04D2,478
43090645,30116549,OCP CDD SPIRIT & SONG VOL 3 DISCS E & F,509,\H07I1,445
43090646,30116550,OCP CDD SPIRIT & SONG VOL 4 DISCS G & H,509,\H07J2,474
43090647,30116551,OCP CDD SPIRIT & SONG VOL 5 DISCS I & J,509,\H07K1,453
43090648,30116552,OCP CDD SPIRIT & SONG VOL 6 DISCS K & L,509,\G19J,467
43090649,30116553,OCP CDD SPIRIT & SONG VOL 7 DISCS M & N,509,\H07L1,471
43090650,30116554,OCP CDD SPIRIT & SONG VOL 8 DISCS O & P,509,\H03I1,447
43090651,30116555,OCP CDD SPIRIT & SONG VOL 9 DISCS Q & R,509,\H07J1,454
43090652,30118393,OCP GAB SPIRIT & SONG GUITAR VOCAL,509,\G04G,113
43090653,30118773,OCP CDD VIVE TU FE,509,\H05G2,345
43090656,30119163,OCP KAB SPIRIT & SONG KAB W/BINDER,509,\G10K,16
43090658,30119168,OCP BDR STORAGE BINDER 3 RING,509,\G07F,65
43090659,30119169,OCP BDR SERVICE BINDER 3 RING,509,\G11G,84
43090660,30123492,OCP CDD TODAY'S MUSIC FOR TODAY'S CHURCH,509,\G14K,144
43090662,30126571,OCP CDD HALLELUJAH IS OUR SONG,509,148-089E,212
43090663,30127912,OCP CDD MI MAS GRANDE PASION,509,148-085K,154
43090664,30128095,OCP OCP SHINE IN ME,509,\H05F2,260
43090665,30128096,OCP CDD SHINE IN ME,509,148-011LL,224
43090666,30128145,OCP CAN ALABANZA CORAL,509,\G04H,393
43090667,30128156,OCP CDD MASS OF THE SACRED HEART,509,148-001II,251
43090668,30128165,OCP CSB MASS OF THE SACRED HEART,509,148-105D,92
43090669,30128166,OCP GAB MASS OF THE SACRED HEART,509,\H14G2Z,44
43090672,30128378,OCP CDD AMOR SAL Y MIEL,509,148-093C,176
43090673,30128790,OCP CDD ALGUIEN ESTA ORANDO POR MI,509,148-075K,198
43090674,30128825,OCP CDD MUSICA PARA LA IGLESIA DE HOY,509,\G16E,229
43090675,30128967,OCP CDD THE CHANTS OF MARY,509,148-059B,14
43090676,30128968,OCP CDD THE CHANTS OF ANGELS,509,148-099F,83
43090677,30128969,OCP CDD THE CHANTS OF THE HOLY SPIRIT,509,148-041K,22
43090680,30129192,OCP OCP WORTHY IS CHRIST,509,\G17J,342
43090681,30129193,OCP CDD WORTHY IS CHRIST,509,\H04E1,552
43090682,30129391,OCP CDD SPIRIT & SONG 18 DISC LIBRARY,509,\H02A2,53
43090683,30129783,OCP CDD TIME STANDS STILL,509,148-069G,135
43090686,30130053,OCP KAB ST. MEINRAD V.1 ADVENT,509,\H01H2,105
43090687,30130054,OCP KAB ST. MEINRAD V.2 LENT HW,509,\H01K1,147
43090688,30130055,OCP KAB ST. MEINRAD V.3 EASTER PENT,509,\H03K1,73
43090689,30130056,OCP KAB ST. MEINRAD V.4 OT 2 17,509,\H02C1,13
43090690,30130057,OCP KAB ST. MEINRAD V.6 SAINTS/SOLEMN,509,\H05D2,39
43090691,30130174,OCP KAB ST. MEINRAD V.5 OT 18 33,509,\H01A1,142
43090694,30130543,OCP HBK WE CONTEMPLATE THE MYSTERY,509,148-009NN,71
43090695,30130545,OCP CDD SPIRIT & SOUL,509,\H07E1,502
43090699,30130910,OCP CDD TRANSFORMATION,509,148-005II,317
43090703,30131333,OCP GAB GLORY & PRAISE THIRD EDITION,509,\G16G,76
43090704,30131337,OCP SCD FROM ASHES TO GLORY,509,\H05K1,232
43090705,30132248,OCP CDD SEEKING YOU,509,148-041B,30
43090706,30132274,OCP BHC DEEPER THAN YOU ARE,509,148-003HH,74
43090707,30132442,OCP CDD MISA DEL SAGRADO CORAZON,509,148-085H,223
43090708,30132443,OCP GAB MISA DEL SAGRADO CORAZON,509,\H13K3XY,104
43090709,30132625,OCP GSB CANTOS PARA TIEMPOS FUERTES,509,148-035N,31
43090710,30132626,OCP CDD CANTOS PARA TIEMPOS FUERTES,509,148-079K,74
43090711,30132662,OCP GSB AMANECERA EL SENOR,509,148-037L,16
43090712,30132663,OCP CDD AMANECERA EL SENOR,509,148-065I,73
43090713,30132687,OCP CDD LUZ SERENA,509,148-075O,77
43090716,30132854,OCP SIB GLORY & PRAISE THIRD EDITION,509,\G12F,30
43090717,30132863,OCP HBK HYMNS FOR ALL SEASONS HARDBOUND,509,\G04E,258
43090719,30133444,OCP CDD SAINTS AND SINNERS,509,148-075F,81
43090720,30133521,OCP OCP O SACRED BANQUET,509,\G19C,356
43090721,30133522,OCP CDD O SACRED BANQUET,509,\H04B2,537
43090724,30133905,OCP ECD LEADING US HOME,509,\H03C1,"2,176"
43090725,30133965,OCP CDD WE YOUR CHILDREN,509,\H05E2,358
43090726,30133967,OCP KGS WE YOUR CHILDREN,509,\H14F6XY,114
43090727,30133994,OCP CSB SANTA CLARA MASS KYB/CHORAL,509,\H14A1X,150
43090728,30133995,OCP KGA SANTA CLARA MASS,509,\G14A,954
43090729,30134134,OCP CDD EL SENOR NOS INVITA VOL 2,509,\H09C2,291
43090730,30134135,OCP ASM EL SENOR NOS INVITA VOL 2,509,148-087N,127
43090731,30134136,OCP KGS EL SENOR NOS INVITA VOL 2,509,\H06D1,222
43090734,30134434,OCP CDD EVEN IN THIS,509,148-071H,40
43090735,30134816,OCP CDD EN LA MESA DEL SENOR,509,148-053O,243
43090736,30134817,OCP GSB EN LA MESA DEL SENOR,509,\H08K2,229
43090737,30134875,OCP CDD SING OF MARY,509,148-047D,73
43090740,30135021,OCP OCP IN THE SIGHT OF THE ANGELS,509,148-007II,93
43090741,30135022,OCP CDD IN THE SIGHT OF THE ANGELS,509,148-081C,80
43090742,30135886,OCP OCP IN PERFECT CHARITY,509,\H01F1,95
43090743,30135887,OCP CDD IN PERFECT CHARITY,509,\H03G2,359
43090744,30136515,OCP CDD FISH WITH ME,509,148-073E,20
43090746,30136582,OCP CDD NADA TE TURBE,509,148-007DD,238
43090747,30136663,OCP KGS FISH WITH ME,509,\H06D2,228
43090748,30136672,OCP BSC CELEBRATING MARRIAGE,509,\G07H,516
43090749,30136750,OCP BSC FROM MOUNTAINS HIGH,509,\H05A1,410
43090754,30137309,OCP CDD IGLESIA EN MISION,509,148-011JJ,245
43090755,30137321,OCP CDD REJOICE A CHRISTMAS JOURNEY,509,148-053F,236
43090756,30137534,OCP ASM DONG TAM ONE HEART,509,\G07J,884
43090757,30137535,OCP GAB DONG TAM ONE HEART,509,\H05I2,161
43090760,30137833,OCP CDD OUR COMMON HOME,509,148-001EE,232
43090761,30137907,OCP CDD ANYWHERE FOR YOU,509,\H07G2,530
43090762,30138044,OCP CSB MASS OF ST. JOHN KEYBOARD/CHORAL,509,\H08I1,200
43090763,30138086,OCP CDD TU ERES MAS FUERTE,509,\H03D1,"1,644"
43090765,30138356,OCP CDD BENDITO BENDITO,509,\H08I2,212
43090766,30138371,OCP GSB IGLESIA EN MISION,509,\H14F4XY,180
43090767,30138612,OCP OCP DOWN TO THE RIVER TO PRAY,509,148-003NN,141
43090768,30138613,OCP CDD DOWN TO THE RIVER TO PRAY,509,\H04H1,533
43090769,30138624,OCP CDD THE WOOD AND THE STONE,509,\H08E2,326
43090770,30138649,OCP CSB PLENTY,509,148-103D,102
43090771,30138650,OCP CDD PLENTY,509,148-013MM,156
43090772,30138709,OCP ASM LAS POSADAS,509,\H04B1,86
43090773,30138712,OCP CDD LAS POSADAS,509,148-079J,51
43090774,30138889,OCP CDD O THE DEPTH OF LOVE DIVINE,509,148-011CC,154
43090775,30138890,OCP OCP O THE DEPTH OF LOVE DIVINE,509,\G11E,196
43090776,30139128,OCP CDD HIGH ABOVE OUR WAY,509,\H04I1,483
43090777,30139129,OCP GSB HIGH ABOVE OUR WAY,509,\H14E6XY,133
43090780,30139283,OCP CDD YOU WELCOMED ME,509,148-005AA,302
43090781,30139330,OCP CDD TONGUES AS OF FIRE VOL 1,509,148-007NN,224
43090785,30139552,OCP CDD THE KING OF LOVE,509,\G09L,883
43090786,30139553,OCP KIS THE KING OF LOVE,509,\H06G1,469
43090787,30139597,OCP GSB YOU WELCOMED ME,509,\H04H2,573
43090788,30139643,OCP CDD PRAISE THE LORD IN MANY VOICES,509,\H02A1,419
43090789,30139673,OCP CDD GOD SO LOVED THE WORLD,509,148-053C,240
43090800,30139828,OCP CDD TODO LO PODEMOS EN DIOS,509,148-061K,296
43090801,30139829,OCP GSB TODO LO PODEMOS EN DIOS,509,\H14L2Z,54
43090802,30139868,OCP CDD THE STORY,509,148-091O,132
43090803,30139893,OCP CDD ATREVETE A SALIR,509,148-003EE,523
43090804,30139894,OCP GSB ATREVETE A SALIR,509,\H02L1,163
43090806,30140295,OCP CDD ENTRE TUS MANOS,509,\H07C2,358
43090808,30140537,OCP CDD I AM WITH YOU ALWAYS,509,148-013II,341
43090809,30140567,OCP OCP LOVE BEYOND KNOWLEDGE,509,\H05G1,168
43090810,30140568,OCP CDD LOVE BEYOND KNOWLEDGE,509,\H02H1,334
43090814,30140719,OCP CDD TOMARE MI CRUZ,509,148-091H,196
43090815,30140720,OCP GSB TOMARE MI CRUZ,509,\H06H1,149
43090816,30140924,OCP BSC ON EAGLE'S WINGS,509,148-043B,65
43090818,30141036,OCP OCP MY GOD AND MY ALL,509,148-015DD,75
43090819,30141037,OCP CDD MY GOD AND MY ALL,509,148-011NN,264
43090824,30141076,OCP CDD ECHOES DELUXE EDITION,509,148-077I,67
43090826,30141295,OCP CDD PUEBLO UNIDO PEOPLE UNITED,509,148-091L,146
43090827,30141298,OCP CSB LOVE AND GRACE,509,\G19I,286
43090828,30141299,OCP CDD LOVE AND GRACE,509,148-001OO,173
43090829,30141573,OCP CDD EL SENOR NOS INVITA VOL 3,509,148-009II,173
43090830,30141574,OCP ASM EL SENOR NOS INVITA VOL 3,509,148-101H,144
43090831,30141575,OCP KGS EL SENOR NOS INVITA VOL 3,509,\H09A1,99
43090832,30141630,OCP BSC MUC VU THANH NHA REVISED,509,148-067A,66
43090833,30141784,OCP CDD CRISTO REY,509,148-087O,62
43090834,30141832,OCP OCP DEEP PEACE,509,148-063H,61
43090835,30141833,OCP CDD DEEP PEACE,509,148-011II,153
43090836,30142666,OCP OCP GOD BE IN MY HEAD,509,148-013EE,148
43090837,30142667,OCP CDD GOD BE IN MY HEAD,509,148-091N,154
43090838,30143009,OCP CDD NADA TE TURBE,509,148-075E,190
43090839,30143020,OCP BSC ADORATION BASICS,509,\H06E1,189
43090841,30143062,OCP CDD ALL SHALL BE WELL,509,148-007LL,413
43090842,30143105,OCP ASM NHUNG BAI HAT TU CONG DOAN TAIZE,509,148-095K,84
43090843,30143106,OCP SIB NHUNG BAI HAT TU CONG DOAN TAIZE,509,\H14K6Y,11
43090848,30143646,OCP BSC CHOIR PRAYERS VOL 3,509,\H04F1,708
43090849,30143647,OCP BSC I WANT TO SEE,509,148-093K,50
43090854,30143697,OCP KAB BIG BOOK 2021  INSIDE PAGES,509,\G05C,85
43090855,30143698,OCP GAB BIG BOOK 2021  INSIDE PAGES,509,\G05B,153
43090856,30143699,OCP SIB BIG BOOK 2021 INSIDE PAGES,509,\G06F,102
43090860,30143735,OCP CHP CHORAL PRAISE FOURTH EDITION,509,\G04B,207
43090861,30143826,OCP CDD COMING HOME,509,148-005JJ,78
43090862,30144015,OCP CDD TONGUES AS OF FIRE VOL 2,509,148-007MM,234
43090863,30144016,OCP CDD TONGUES AS OF FIRE VOL 3,509,148-011GG,232
43090864,30144722,OCP BDR HOP BINDER  RED GOLD,509,\G05J,93
43090865,30145537,OCP HBK UNITE OUR HEARTS,509,\G08K,373
43090866,30145558,OCP KGS LET US ALL REJOICE GUITAR,509,\G11A,132
43090870,30145756,OCP CDD EYES ON THE CROSS,509,148-099K,119
43090889,30146846,OCP SIB BIG BOOK 2022 W/BINDER,509,\G09G,30
43090893,30147353,OCP KIS THE GLORY OF THESE FORTY DAYS,509,\H09E2,127
43090894,30147966,OCP BSC D A TREASURED PRESENCE,509,148-095C,24
43090897,30148901,OCP BDR ACCOMPANIMENT BINDER NAVY 3 RING,509,\G05L,66
43090917,GS-221,OCP GAB GUITAR SUPPLEMENT 2022,509,\G04K,226
43090930,KS-221,OCP KAB KEYBOARD SUPPLEMENT 2022,509,\G05D,445
43090949,SI-221,OCP SIB SOLO INSTRUMENT SUPPLEMENT 2022,509,\G04F,"1,190"
43090950,SP-190,OCP PAC SP PACK 2018 JUNE 2018,509,\G15E,75
43092376,GS-231,OCP GAB GUITAR SUPPLEMENT 2023,509,\G01H,530
43092377,KS-231,OCP KAB KEYBOARD SUPPLEMENT 2023,509,\G01G,324
43101039,SI-231,OCP SIB-SOLO INSTRUMENT SUPPLEMENT 2023,509,\G02I,"1,538"
43101650,30149131,OCP BRO 100 YEARS HIST BROCHURE,509,148-031B,385
43103000,RA-241,OCP RA-241 KGS-RESPOND ACCLAIM PB,509,\G02C,"1,003"
43103001,RD-241,OCP RD-241 KGS-RESPOND ACCLAIM 2024 LL,509,\G09A,216
43103002,SR-241,OCP SR-241 KGS-SPIRIT & PSALM 2024 PB,509,\G08A,530
43103003,SD-241,OCP SD-241 KGS-SPIRIT & PSALM 2024 LL,509,\G09H,379
43103004,RS-241,OCP RS-241 KGS-RESPONDE ACLAMA 2024 PB,509,\G05I,253
43103005,RT-241,OCP RT-241 KGS-RESPONDE ACLAMA0 2024 LL,509,\G02F,145
43103006,TLP-241,OCP TLP-241 BSC TODAYS LITURGY MUS 2024,509,\G12J,"1,421"
43103007,LCP-241,OCP LCP-241 BSC LITURGIA CANCION 2024,509,\G15H,883
43103008,GS-241,OCP GS-241 GAB BIG BOOK SUPP 2024 LL,509,\G05G,347
43103009,KS-241,OCP KS-241 KAB BIG BOOK SUPP 2024 LL,509,\G16I,651
43103011,SI-241,OCP SIB SOLO INSTR ACCOMP 2024 SUPP LL,509,\G13A,346
43105026,30148673,OCP KAB BIG BOOK 2023 W/BINDERS,509,A544,158
43105027,30148670,OCP KAB KEYBOARD ACCOM BOOK 2023 INS PG,509,\G18H,38
43105029,30148671,OCP GAB GUITAR ACCOMP BOOK 2023 INS PGS,509,A546,86
43105063,30149072,OCP KAB SPANISH MSL 2023 KEY ACC W/BIND,509,\G11I,13
43105064,30149070,OCP KAB SPAN MSL KEY ACCOMP 2023 INS PGS,509,\H04L1,20
43105065,30149073,OCP GAB SPAN MSL 2023 GUITR ACCOM W/BIN,509,\G11J,13
43105069,30149071,OCP GAB SPAN MSL GTR ACC 2023 INSIDE PGS,509,\H04L2,20
43105190,30148682,OCP KAB CHOOSE CHR MSL PIANO 2023 W/BIND,509,\G11D,15
43116691,30149281,OCP BDR ACC CONTEMP GREY 2.5 3-RING,509,\G14H,68
43116692,30149427,OCP BDR ACCOMPANIMENT DARK BLUE 3-RING,509,\G14G,42
43131368,30148385,OCP CDD RESPOND ACCLAIM 2023,509,\G17K,191
43134525,30148387,OCP RESPONDE Y ACLAMA 2023,509,\G18D,143
43134960,BD-241,OCP BD-241 MSL-BREAKING BREAD 2024,509,\G21IL,"1,831"
43134962,MD-241,OCP MD-241 MSL-MISAL DEL DIA 2024,509,\G26EH,"4,234"
43134963,HD-241,OCP HD-241 MSL-HERITAGE DAILIES 2024,509,\G25EH,"1,948"
43134964,CCM-241,OCP CCM-241 MSL-CHOOSE CHRIST 2024,509,\G26AD,"1,705"
43134965,TP-241,OCP TP-241 MSL-MUSIC ISSUE 2024,509,\G24EH,"1,753"
43134966,UM-241,OCP UM-241 UMI MUSIC RESOURCE 2024-2026,509,\G26IL,549
43144997,30149429,OCP GAB UNIDOS EN CRISTO 21-23 AC BK BIN,509,\G19B,11
43163388,CD-231,OCP CHS CHORAL PACKET 104,509,\G14C,258
43167802,30146015,OCP HHC FLOR Y CANTO 4 LETRA/MUSICA,509,\G24C,188
43171081,OF-241,OCP OF-241 BSC ORACION DE LOS FIELES,509,\G07B,487
43171082,PF-241,OCP PF-241 BSC PRAYER THE FAITHFUL 2024,509,\G07I,807
43175931,HG-241,OCP GAB HERITAGE SUPPLEMENT 2024,509,\G01A,184
43175932,HK-241,OCP KAB HERITAGE KEYBOARD SUPP 2024,509,\G02H,271
43176578,30149374,OCP GAB UNIDOS EN CRISTO GUITAR2024-2026,509,\G24D,148
43177250,30149373,OCP KAB UNIDOS EN CRISTO KEYBOARD 24-26,509,\G28A,17
43177254,30149414,OCP KAB MISAL DEL DIA TECLADO 2024-2026,509,\G15F,55
43177257,30149415,OCP GAB MISAL DEL DIA GUITARA  2024-2026,509,\G05A,78
43192818,30149613,OCP BDR ACC CONTEMP SILVER 2.5 3-RING,509,\G05F,64
43204762,CD-232,OCP CHS CHORAL PACKET 105,509,\G07G,36
43211063,SP-240,OCP SP-240 MISSAL ACCOM PACK 2024,509,\G07C,30
43211064,UP-240,OCP UP-240 PAC UNIDOS ACCOMP PACK 2024,509,\G06L,30
43211066,HP-241,OCP PAC HP-241 PACK 2024,509,\G07K,42
43211067,PM-241,OCP PAC PM-241 PACK 2024,509,\G07L,91
43211068,SP-241,OCP PAC SP-241 PACK 2024,509,\G08C,19
43211070,UP-241,OCP PAC UP-241 PACK 2024,509,\G08J,24
43219274,HOP-241,OCP BHC HOP TE RGMS SENOR 2024 WITH BIND,509,\G20I,22
43219275,30149335,OCP KAB BIG BOOK 2024 W/BINDERS,509,\G19K,12
43219276,30149332,OCP KS-241 KAB BIG BOOK 2024 INSIDE PAGE,509,\G20H,52
43219277,30149336,OCP GAB BIG BOOK 2024 W/BINDERS,509,\G22H,19
43219278,30149333,OCP GAB GUITAR ACCOMP BOOK 2024 INSIDE P,509,\G20J,40
43219300,30149334,OCP SIB SOLO INSTRUM ACCOMP 2024 INSIDE,509,\G16H,26
43219303,30149352,OCP GAB CHOOSE CHR MSL GTR 2024 W/BIND,509,\G15B,16
43219304,30149350,OCP GAB CHOOSE CHRIST MSL GTR 2024 INSID,509,\G11K,10
43219306,30149342,OCP KAB HERITAGE 2024 INSIDE PAGES,509,\G10C,47
43219307,30149345,OCP GAB HERITAGE 2024 W BINDER,509,\G09I,16
43219308,30149343,OCP GAB HERITAGE 2024 INSIDE PAGES,509,\G10A,33
43219309,30149416,OCP KAB MIS DEL DIA TECLADO 24-26 W/BNDR,509,\G20F,20
43219310,30149417,OCP GAB SPAN MIS ACCOM  2024-2026 W/BNDR,509,\G20C,23
43219312,30149376,OCP GAB UNIDOS EN CRISTO GUI 24-26 W/BND,509,\G10L,16
43226693,BTINTRO-241,OCP PAC BTINTRO PACK 2024,509,A543,28
43226696,MDINTRO-241,OCP PAC MDINTRO PACK 2024,509,\G24B,21
43226698,UIINTRO-241,OCP PAC UIINTRO PACK 2024,509,\G09J,43
43228220,30149302,OCP CDD RESPOND ACCLAIM 2024,509,\G18C,88
43230613,TD-244,OCP TD-244 MSL CHRIST THE KING 2024,509,\G23IL,"5,618"
43230614,TP-244,OCP TP-244 MSL CHRIST THE KING 2024,509,\G23AD,"1,369"
43230615,UD-244,OCP UD-244 MSL CHRIST THE KING 2024,509,\G23EH,"4,060"
43238815,105557,OCP OFFICE OF THE PUBLISHER ENVELOPE,509,\H13A1,"7,100"
43239107,30106401,OCP LTR DOUBLE SIDED LETTERHEAD,509,\H03E1,"2,321"
43239108,105464,OCP LTR LETTERHEAD 105464,509,\G16F,"5,195"
43239797,105556,OCP PUBLISHERS LETTERHEAD 105556,509,\H02J2,"7,600"
43241895,30149887,OCP GAB LIVING CHURCH ACCLAIMS 2024,509,\H06A1,38
43241896,30149886,OCP KAB LIVING CHURCH ACCLAIMS 2024,509,\G22G,34
43242319,30149880,OCP KEYBOARD FOREVER I WILL SING 2024,509,\H03L2,16
43242520,30149881,OCP GUITAR FOREVER I WILL SING 2024,509,\H06G2,14
43242521,30149882,OCP CHANT FOREVER I WILL SING 2024,509,\H06E2,25
43243080,30150409,OCP BSC SOURCEBOOK 2024,509,\H02F1,28
43243081,30150410,OCP BSC WORKBOOK FOR LECTORS 2024,509,\G28H,30
43243233,30149304,OCP CD RESPONDE Y ACLAMA 2024,509,\G20G,40
43245047,129033,OCP EPS ENVELOPE ACCT PAYABLE #10 WINDOW,509,\H07B1,"2,500"
43245048,30151608,OCP EPS ENVELOPE #10 PLAIN 2023 LOGO,509,\G24A,"19,550"
43247706,30146544,OCP HSC FLOR Y CANTO 4TH TETRA PB,509,A547,"1,940"
43250117,CD-233,OCP CHS CHORAL PACKET 106,509,\H08K1,31
43261337,30151662,OCP OTH INSTITUTO WORKBOOK FYC4,509,\G12L,278
43261907,30146545,OCP GAB FLOR Y CANTO 4TH GUITAR V1&V2,509,A548,250
43261908,30146546,OCP KAB FLOR Y CANTO 4TH KEYBOARD 1-3,509,\G27A,44
43268108,OF-251,OCP OF-251 BSC ORACION DE LOS FIELES,509,\G01J,289
43268109,PF-251,OCP PF-251 BSC PRAYER THE FAITHFUL 2025,509,\G02B,510
43269300,RA-251,OCP RA-251 KGS-RESPOND ACCLAIM 2025,509,\G06H,"1,152"
43269301,RD-251,OCP RD-251 KGS-RESPOND ACCLAIM 2025 LL,509,\G03G,798
43269302,RS-251,OCP RS-251 KGS-RESPONDE ACLAMA 2025,509,\G03I,410
43269303,RT-251,OCP RT-251 KGS-RESPONDE ACLAMA 2025 LL,509,\G15I,220
43269304,SR-251,OCP SR-251 KGS-SPIRIT & PSALM 2025,509,\G01K,35
43269305,SD-251,OCP SD-251 KGS-SPIRIT & PSALM 2025 LL,509,\G15J,546
43269306,TLP-251,OCP TLP-251 BSC TODAYS LITURGY 2025,509,\G08I,207
43269307,LCP-251,OCP LCP-251 BSC LITURGIA CANCION 2025,509,\G03J,525
43269917,30151102,OCP KAB KEYBOARD ACCOMP 2025 INSIDE LL,509,\G10G,32
43269918,30151103,OCP GAB GUITAR ACCOMP 2025 INSIDE LL,509,\G11H,131
43269919,30151104,OCP SIB SOLO INSTR ACCOMP 2025 INSIDE LL,509,\G03D,114
43279999,TP-252,OCP TP-252 MSL-TP ADVENT/LENT 2025,509,\H11EH,"6,567"
43280200,UD-252,OCP UD-252 MSL-UD ADVENT/LENT 2025,509,\H10EH,"2,052"
43280201,BD-251,OCP BD-251 MSL-BREAKING BREAD 2025,509,BD-251,"13,721"
43280202,TD-252,OCP TD-252 MSL-TD ADVENT/LENT 2025,509,\H10IL,"3,974"
43280203,MD-251,OCP MD-251 MSL-MISAL DEL DIA 2025,509,\H11IL,"1,176"
43280204,HD-251,OCP HD-251 MSL-HERITAGE DAILIES 2025,509,\H11AD,"1,765"
43280205,TP-251,OCP TP-251 MSL-MUSIC ISSUE 2025,509,\H10AD,"2,932"
43298309,CD-241,OCP CHS CHORAL PACKET 107,509,\G01B,31
43328444,HP-251,OCP PAC HP-251 PACK 2025,509,\G09B,32
43329022,30152433,OCP LTR PM COVERLETTER 2025,509,\H13G2,378
43329160,30152432,OCP LTR HP COVERLETTER 2025,509,\H13I3Y,78
43329161,30152434,OCP LTR SP COVERLETTER 2025,509,\H13L3Y,105
43329162,30152435,OCP LTR UI COVERLETTER 2025,509,\H13I3X,100
43329163,30152436,OCP LTR UP COVERLETTER 2025,509,\H13L3Z,93
43329164,30152427,OCP LTR BT-INTR0 COVERLETTER 2025,509,\H13I6Y,56
43329165,30152428,OCP LTR HM-INTR0 COVERLETTER 2025,509,\H13L1Z,27
43329166,30152429,OCP LTR MD-INTR0 COVERLETTER 2025,509,\H13L2X,31
43329167,30152430,OCP LTR UC-INTR0 COVERLETTER 2025,509,\H13I2X,28
43329168,30152431,OCP LTR UI-INTR0 COVERLETTER 2025,509,\H13I5Z,26
43329169,30152437,OCP CRD ENGLISH ACCOMP REVISION 2025,509,\H13K2XY,449
43329170,30152438,OCP FLY HP PACK FLYER 2025,509,\H13L3X,78
43329216,30152439,OCP FLY PM PACK FLYER 2025,509,\H09F2,690
43329217,30152440,OCP FLY SP PACK FLYER 2025,509,\H13L2Z,123
43329218,30152441,OCP FLY UI PACK FLYER 2025,509,\H13I4X,140
43329219,30152442,OCP FLY UP PACK FLYER 2025,509,\H13L2Y,72
43335642,PM-251,OCP PAC PM-251 PACK 2025,509,\G15K,101
43335646,SP-251,OCP PAC SP-251 PACK 2025,509,\G03C,22
43335648,UP-251,OCP PAC UP-251 PACK 2025,509,\G01L,19
43335649,PM-250,OCP PAC PM-250 PACK 2025,509,\G16A,36
43335810,MDINTRO-251,OCP PAC MDINTRO PACK 2025,509,\G04I,17
43335813,BTINTRO-251,OCP PAC BTINTRO PACK 2025,509,\G21AD,15
43335814,30151105,OCP KAB BIG BOOK 2025 W/BINDERS,509,A545,82
43335910,30151106,OCP GAB BIG BOOK 2025 W/BINDERS,509,\G27I,18
43340096,3002,OCP SHM ON EAGLES WINGS PIANO SOLO,509,148-031C,93
43342276,30151714,OCP CSB NPM SHOWCASE BOOK 2024,509,\G01F,49
43342290,CD-242,OCP CHS CHORAL PACKET 108,509,\G01C,117
43345580,30108501,OCP BDR ACCOMP BINDER MAROON 5 RING,509,\G02A,46
43345581,30152397,OCP BDR ACOMP BINDER NAVY 5 RNG 30152397,509,\G01I,124
43357052,30146547,OCP COT FLOR Y CANTO 4 LETRA CON ACORDES,509,A541,"1,147"
43360645,30153606,OCP OTH INSTITUTO SEASONAL WORKBOOK,509,\G10H,"1,475"
43374278,30153888,OCP KIS WINTER BIRTH 30153888,509,\H14A6Y,29
43375992,CD-243,OCP CHS CHORAL PACKET 109,509,\G10I,30
43382722,30153608,OCP BDR B64 ACCOMP BINDER GRAY 3-RING,509,\G04L,100